id,category,path
17554,Shirts,/content/fashion_subset/Shirts/17554.jpg
8814,Shirts,/content/fashion_subset/Shirts/8814.jpg
29838,Shirts,/content/fashion_subset/Shirts/29838.jpg
9738,Shirts,/content/fashion_subset/Shirts/9738.jpg
10484,Shirts,/content/fashion_subset/Shirts/10484.jpg
13871,Shirts,/content/fashion_subset/Shirts/13871.jpg
27553,Shirts,/content/fashion_subset/Shirts/27553.jpg
12327,Shirts,/content/fashion_subset/Shirts/12327.jpg
16484,Shirts,/content/fashion_subset/Shirts/16484.jpg
8816,Shirts,/content/fashion_subset/Shirts/8816.jpg
8944,Shirts,/content/fashion_subset/Shirts/8944.jpg
17555,Shirts,/content/fashion_subset/Shirts/17555.jpg
10793,Shirts,/content/fashion_subset/Shirts/10793.jpg
22377,Shirts,/content/fashion_subset/Shirts/22377.jpg
57293,Shirts,/content/fashion_subset/Shirts/57293.jpg
12019,Shirts,/content/fashion_subset/Shirts/12019.jpg
26408,Shirts,/content/fashion_subset/Shirts/26408.jpg
10807,Shirts,/content/fashion_subset/Shirts/10807.jpg
29616,Shirts,/content/fashion_subset/Shirts/29616.jpg
9268,Shirts,/content/fashion_subset/Shirts/9268.jpg
12360,Shirts,/content/fashion_subset/Shirts/12360.jpg
34050,Shirts,/content/fashion_subset/Shirts/34050.jpg
24684,Shirts,/content/fashion_subset/Shirts/24684.jpg
31048,Shirts,/content/fashion_subset/Shirts/31048.jpg
20153,Shirts,/content/fashion_subset/Shirts/20153.jpg
19844,Shirts,/content/fashion_subset/Shirts/19844.jpg
46377,Shirts,/content/fashion_subset/Shirts/46377.jpg
53211,Shirts,/content/fashion_subset/Shirts/53211.jpg
16818,Shirts,/content/fashion_subset/Shirts/16818.jpg
14777,Shirts,/content/fashion_subset/Shirts/14777.jpg
15990,Shirts,/content/fashion_subset/Shirts/15990.jpg
29674,Shirts,/content/fashion_subset/Shirts/29674.jpg
17178,Shirts,/content/fashion_subset/Shirts/17178.jpg
51444,Shirts,/content/fashion_subset/Shirts/51444.jpg
26093,Shirts,/content/fashion_subset/Shirts/26093.jpg
26055,Shirts,/content/fashion_subset/Shirts/26055.jpg
6769,Shirts,/content/fashion_subset/Shirts/6769.jpg
43485,Shirts,/content/fashion_subset/Shirts/43485.jpg
13464,Shirts,/content/fashion_subset/Shirts/13464.jpg
14787,Shirts,/content/fashion_subset/Shirts/14787.jpg
14040,Shirts,/content/fashion_subset/Shirts/14040.jpg
11147,Shirts,/content/fashion_subset/Shirts/11147.jpg
2168,Shirts,/content/fashion_subset/Shirts/2168.jpg
13851,Shirts,/content/fashion_subset/Shirts/13851.jpg
12035,Shirts,/content/fashion_subset/Shirts/12035.jpg
21121,Shirts,/content/fashion_subset/Shirts/21121.jpg
11079,Shirts,/content/fashion_subset/Shirts/11079.jpg
10186,Shirts,/content/fashion_subset/Shirts/10186.jpg
27550,Shirts,/content/fashion_subset/Shirts/27550.jpg
51408,Shirts,/content/fashion_subset/Shirts/51408.jpg
9659,Shirts,/content/fashion_subset/Shirts/9659.jpg
39776,Shirts,/content/fashion_subset/Shirts/39776.jpg
6617,Shirts,/content/fashion_subset/Shirts/6617.jpg
5128,Shirts,/content/fashion_subset/Shirts/5128.jpg
37212,Shirts,/content/fashion_subset/Shirts/37212.jpg
20135,Shirts,/content/fashion_subset/Shirts/20135.jpg
8802,Shirts,/content/fashion_subset/Shirts/8802.jpg
16044,Shirts,/content/fashion_subset/Shirts/16044.jpg
12369,Shirts,/content/fashion_subset/Shirts/12369.jpg
13287,Shirts,/content/fashion_subset/Shirts/13287.jpg
16793,Shirts,/content/fashion_subset/Shirts/16793.jpg
11459,Shirts,/content/fashion_subset/Shirts/11459.jpg
9245,Shirts,/content/fashion_subset/Shirts/9245.jpg
39784,Shirts,/content/fashion_subset/Shirts/39784.jpg
29721,Shirts,/content/fashion_subset/Shirts/29721.jpg
33974,Shirts,/content/fashion_subset/Shirts/33974.jpg
37812,Shirts,/content/fashion_subset/Shirts/37812.jpg
26518,Shirts,/content/fashion_subset/Shirts/26518.jpg
8151,Shirts,/content/fashion_subset/Shirts/8151.jpg
12031,Shirts,/content/fashion_subset/Shirts/12031.jpg
9632,Shirts,/content/fashion_subset/Shirts/9632.jpg
37803,Shirts,/content/fashion_subset/Shirts/37803.jpg
14047,Shirts,/content/fashion_subset/Shirts/14047.jpg
33246,Shirts,/content/fashion_subset/Shirts/33246.jpg
20282,Shirts,/content/fashion_subset/Shirts/20282.jpg
38982,Shirts,/content/fashion_subset/Shirts/38982.jpg
27148,Shirts,/content/fashion_subset/Shirts/27148.jpg
26402,Shirts,/content/fashion_subset/Shirts/26402.jpg
28819,Shirts,/content/fashion_subset/Shirts/28819.jpg
22389,Shirts,/content/fashion_subset/Shirts/22389.jpg
9452,Shirts,/content/fashion_subset/Shirts/9452.jpg
9621,Shirts,/content/fashion_subset/Shirts/9621.jpg
27865,Shirts,/content/fashion_subset/Shirts/27865.jpg
9419,Shirts,/content/fashion_subset/Shirts/9419.jpg
58798,Shirts,/content/fashion_subset/Shirts/58798.jpg
19175,Shirts,/content/fashion_subset/Shirts/19175.jpg
33968,Shirts,/content/fashion_subset/Shirts/33968.jpg
37794,Shirts,/content/fashion_subset/Shirts/37794.jpg
9805,Shirts,/content/fashion_subset/Shirts/9805.jpg
6784,Shirts,/content/fashion_subset/Shirts/6784.jpg
6320,Shirts,/content/fashion_subset/Shirts/6320.jpg
26044,Shirts,/content/fashion_subset/Shirts/26044.jpg
11030,Shirts,/content/fashion_subset/Shirts/11030.jpg
16461,Shirts,/content/fashion_subset/Shirts/16461.jpg
5991,Shirts,/content/fashion_subset/Shirts/5991.jpg
19701,Shirts,/content/fashion_subset/Shirts/19701.jpg
51407,Shirts,/content/fashion_subset/Shirts/51407.jpg
33234,Shirts,/content/fashion_subset/Shirts/33234.jpg
17559,Shirts,/content/fashion_subset/Shirts/17559.jpg
9598,Shirts,/content/fashion_subset/Shirts/9598.jpg
30228,Shirts,/content/fashion_subset/Shirts/30228.jpg
21020,Shirts,/content/fashion_subset/Shirts/21020.jpg
9616,Shirts,/content/fashion_subset/Shirts/9616.jpg
13857,Shirts,/content/fashion_subset/Shirts/13857.jpg
16449,Shirts,/content/fashion_subset/Shirts/16449.jpg
12319,Shirts,/content/fashion_subset/Shirts/12319.jpg
16392,Shirts,/content/fashion_subset/Shirts/16392.jpg
41396,Shirts,/content/fashion_subset/Shirts/41396.jpg
11461,Shirts,/content/fashion_subset/Shirts/11461.jpg
2131,Shirts,/content/fashion_subset/Shirts/2131.jpg
42598,Shirts,/content/fashion_subset/Shirts/42598.jpg
51429,Shirts,/content/fashion_subset/Shirts/51429.jpg
48367,Shirts,/content/fashion_subset/Shirts/48367.jpg
15996,Shirts,/content/fashion_subset/Shirts/15996.jpg
7053,Shirts,/content/fashion_subset/Shirts/7053.jpg
22359,Shirts,/content/fashion_subset/Shirts/22359.jpg
33297,Shirts,/content/fashion_subset/Shirts/33297.jpg
29840,Shirts,/content/fashion_subset/Shirts/29840.jpg
31039,Shirts,/content/fashion_subset/Shirts/31039.jpg
12241,Shirts,/content/fashion_subset/Shirts/12241.jpg
14668,Shirts,/content/fashion_subset/Shirts/14668.jpg
12244,Shirts,/content/fashion_subset/Shirts/12244.jpg
26801,Shirts,/content/fashion_subset/Shirts/26801.jpg
16395,Shirts,/content/fashion_subset/Shirts/16395.jpg
12024,Shirts,/content/fashion_subset/Shirts/12024.jpg
12247,Shirts,/content/fashion_subset/Shirts/12247.jpg
13333,Shirts,/content/fashion_subset/Shirts/13333.jpg
41303,Shirts,/content/fashion_subset/Shirts/41303.jpg
43910,Shirts,/content/fashion_subset/Shirts/43910.jpg
13458,Shirts,/content/fashion_subset/Shirts/13458.jpg
26117,Shirts,/content/fashion_subset/Shirts/26117.jpg
12018,Shirts,/content/fashion_subset/Shirts/12018.jpg
16794,Shirts,/content/fashion_subset/Shirts/16794.jpg
26077,Shirts,/content/fashion_subset/Shirts/26077.jpg
37811,Shirts,/content/fashion_subset/Shirts/37811.jpg
22356,Shirts,/content/fashion_subset/Shirts/22356.jpg
14672,Shirts,/content/fashion_subset/Shirts/14672.jpg
37767,Shirts,/content/fashion_subset/Shirts/37767.jpg
8899,Shirts,/content/fashion_subset/Shirts/8899.jpg
28807,Shirts,/content/fashion_subset/Shirts/28807.jpg
9604,Shirts,/content/fashion_subset/Shirts/9604.jpg
29696,Shirts,/content/fashion_subset/Shirts/29696.jpg
39788,Shirts,/content/fashion_subset/Shirts/39788.jpg
2163,Shirts,/content/fashion_subset/Shirts/2163.jpg
12357,Shirts,/content/fashion_subset/Shirts/12357.jpg
17750,Shirts,/content/fashion_subset/Shirts/17750.jpg
11685,Shirts,/content/fashion_subset/Shirts/11685.jpg
37802,Shirts,/content/fashion_subset/Shirts/37802.jpg
39781,Shirts,/content/fashion_subset/Shirts/39781.jpg
9650,Shirts,/content/fashion_subset/Shirts/9650.jpg
9061,Shirts,/content/fashion_subset/Shirts/9061.jpg
59295,Shirts,/content/fashion_subset/Shirts/59295.jpg
56854,Shirts,/content/fashion_subset/Shirts/56854.jpg
24561,Shirts,/content/fashion_subset/Shirts/24561.jpg
11702,Shirts,/content/fashion_subset/Shirts/11702.jpg
8197,Shirts,/content/fashion_subset/Shirts/8197.jpg
14780,Shirts,/content/fashion_subset/Shirts/14780.jpg
59826,Shirts,/content/fashion_subset/Shirts/59826.jpg
13460,Shirts,/content/fashion_subset/Shirts/13460.jpg
14522,Shirts,/content/fashion_subset/Shirts/14522.jpg
11167,Shirts,/content/fashion_subset/Shirts/11167.jpg
37724,Shirts,/content/fashion_subset/Shirts/37724.jpg
17553,Shirts,/content/fashion_subset/Shirts/17553.jpg
20147,Shirts,/content/fashion_subset/Shirts/20147.jpg
5963,Shirts,/content/fashion_subset/Shirts/5963.jpg
51410,Shirts,/content/fashion_subset/Shirts/51410.jpg
54200,Shirts,/content/fashion_subset/Shirts/54200.jpg
14746,Shirts,/content/fashion_subset/Shirts/14746.jpg
20169,Shirts,/content/fashion_subset/Shirts/20169.jpg
33543,Shirts,/content/fashion_subset/Shirts/33543.jpg
19854,Shirts,/content/fashion_subset/Shirts/19854.jpg
18912,Shirts,/content/fashion_subset/Shirts/18912.jpg
58796,Shirts,/content/fashion_subset/Shirts/58796.jpg
4943,Shirts,/content/fashion_subset/Shirts/4943.jpg
22207,Shirts,/content/fashion_subset/Shirts/22207.jpg
6001,Shirts,/content/fashion_subset/Shirts/6001.jpg
15145,Shirts,/content/fashion_subset/Shirts/15145.jpg
23077,Shirts,/content/fashion_subset/Shirts/23077.jpg
44656,Shirts,/content/fashion_subset/Shirts/44656.jpg
8858,Shirts,/content/fashion_subset/Shirts/8858.jpg
39092,Shirts,/content/fashion_subset/Shirts/39092.jpg
16367,Shirts,/content/fashion_subset/Shirts/16367.jpg
12238,Shirts,/content/fashion_subset/Shirts/12238.jpg
9065,Shirts,/content/fashion_subset/Shirts/9065.jpg
41637,Shirts,/content/fashion_subset/Shirts/41637.jpg
8725,Shirts,/content/fashion_subset/Shirts/8725.jpg
13873,Shirts,/content/fashion_subset/Shirts/13873.jpg
9599,Shirts,/content/fashion_subset/Shirts/9599.jpg
13395,Shirts,/content/fashion_subset/Shirts/13395.jpg
14666,Shirts,/content/fashion_subset/Shirts/14666.jpg
2138,Shirts,/content/fashion_subset/Shirts/2138.jpg
10819,Shirts,/content/fashion_subset/Shirts/10819.jpg
8195,Shirts,/content/fashion_subset/Shirts/8195.jpg
11148,Shirts,/content/fashion_subset/Shirts/11148.jpg
59819,Shirts,/content/fashion_subset/Shirts/59819.jpg
17161,Shirts,/content/fashion_subset/Shirts/17161.jpg
37769,Shirts,/content/fashion_subset/Shirts/37769.jpg
11407,Shirts,/content/fashion_subset/Shirts/11407.jpg
37725,Shirts,/content/fashion_subset/Shirts/37725.jpg
9422,Shirts,/content/fashion_subset/Shirts/9422.jpg
20154,Shirts,/content/fashion_subset/Shirts/20154.jpg
19827,Shirts,/content/fashion_subset/Shirts/19827.jpg
17192,Shirts,/content/fashion_subset/Shirts/17192.jpg
16472,Shirts,/content/fashion_subset/Shirts/16472.jpg
8743,Shirts,/content/fashion_subset/Shirts/8743.jpg
43304,Shirts,/content/fashion_subset/Shirts/43304.jpg
43481,Shirts,/content/fashion_subset/Shirts/43481.jpg
12246,Shirts,/content/fashion_subset/Shirts/12246.jpg
16402,Shirts,/content/fashion_subset/Shirts/16402.jpg
14039,Shirts,/content/fashion_subset/Shirts/14039.jpg
11695,Shirts,/content/fashion_subset/Shirts/11695.jpg
20164,Shirts,/content/fashion_subset/Shirts/20164.jpg
12339,Shirts,/content/fashion_subset/Shirts/12339.jpg
56820,Shirts,/content/fashion_subset/Shirts/56820.jpg
51854,Shirts,/content/fashion_subset/Shirts/51854.jpg
9612,Shirts,/content/fashion_subset/Shirts/9612.jpg
31091,Shirts,/content/fashion_subset/Shirts/31091.jpg
57981,Shirts,/content/fashion_subset/Shirts/57981.jpg
26403,Shirts,/content/fashion_subset/Shirts/26403.jpg
13449,Shirts,/content/fashion_subset/Shirts/13449.jpg
46353,Shirts,/content/fashion_subset/Shirts/46353.jpg
5992,Shirts,/content/fashion_subset/Shirts/5992.jpg
31016,Shirts,/content/fashion_subset/Shirts/31016.jpg
16394,Shirts,/content/fashion_subset/Shirts/16394.jpg
11041,Shirts,/content/fashion_subset/Shirts/11041.jpg
13216,Shirts,/content/fashion_subset/Shirts/13216.jpg
17184,Shirts,/content/fashion_subset/Shirts/17184.jpg
51412,Shirts,/content/fashion_subset/Shirts/51412.jpg
9609,Shirts,/content/fashion_subset/Shirts/9609.jpg
14738,Shirts,/content/fashion_subset/Shirts/14738.jpg
9242,Shirts,/content/fashion_subset/Shirts/9242.jpg
12386,Shirts,/content/fashion_subset/Shirts/12386.jpg
16603,Shirts,/content/fashion_subset/Shirts/16603.jpg
8183,Shirts,/content/fashion_subset/Shirts/8183.jpg
13283,Shirts,/content/fashion_subset/Shirts/13283.jpg
12731,Shirts,/content/fashion_subset/Shirts/12731.jpg
19193,Shirts,/content/fashion_subset/Shirts/19193.jpg
57276,Shirts,/content/fashion_subset/Shirts/57276.jpg
20134,Shirts,/content/fashion_subset/Shirts/20134.jpg
12029,Shirts,/content/fashion_subset/Shirts/12029.jpg
9594,Shirts,/content/fashion_subset/Shirts/9594.jpg
19735,Shirts,/content/fashion_subset/Shirts/19735.jpg
36853,Shirts,/content/fashion_subset/Shirts/36853.jpg
38086,Shirts,/content/fashion_subset/Shirts/38086.jpg
48370,Shirts,/content/fashion_subset/Shirts/48370.jpg
5976,Shirts,/content/fashion_subset/Shirts/5976.jpg
29632,Shirts,/content/fashion_subset/Shirts/29632.jpg
6774,Shirts,/content/fashion_subset/Shirts/6774.jpg
10441,Shirts,/content/fashion_subset/Shirts/10441.jpg
11693,Shirts,/content/fashion_subset/Shirts/11693.jpg
13751,Shirts,/content/fashion_subset/Shirts/13751.jpg
28806,Shirts,/content/fashion_subset/Shirts/28806.jpg
12374,Shirts,/content/fashion_subset/Shirts/12374.jpg
8160,Shirts,/content/fashion_subset/Shirts/8160.jpg
17156,Shirts,/content/fashion_subset/Shirts/17156.jpg
16339,Shirts,/content/fashion_subset/Shirts/16339.jpg
11398,Shirts,/content/fashion_subset/Shirts/11398.jpg
27150,Shirts,/content/fashion_subset/Shirts/27150.jpg
43543,Shirts,/content/fashion_subset/Shirts/43543.jpg
26803,Shirts,/content/fashion_subset/Shirts/26803.jpg
11426,Shirts,/content/fashion_subset/Shirts/11426.jpg
27554,Shirts,/content/fashion_subset/Shirts/27554.jpg
13320,Shirts,/content/fashion_subset/Shirts/13320.jpg
27170,Shirts,/content/fashion_subset/Shirts/27170.jpg
56817,Shirts,/content/fashion_subset/Shirts/56817.jpg
5964,Shirts,/content/fashion_subset/Shirts/5964.jpg
13895,Shirts,/content/fashion_subset/Shirts/13895.jpg
2162,Shirts,/content/fashion_subset/Shirts/2162.jpg
14765,Shirts,/content/fashion_subset/Shirts/14765.jpg
18916,Shirts,/content/fashion_subset/Shirts/18916.jpg
16272,Shirts,/content/fashion_subset/Shirts/16272.jpg
14033,Shirts,/content/fashion_subset/Shirts/14033.jpg
41608,Shirts,/content/fashion_subset/Shirts/41608.jpg
9595,Shirts,/content/fashion_subset/Shirts/9595.jpg
11118,Shirts,/content/fashion_subset/Shirts/11118.jpg
29272,Shirts,/content/fashion_subset/Shirts/29272.jpg
15912,Shirts,/content/fashion_subset/Shirts/15912.jpg
11674,Shirts,/content/fashion_subset/Shirts/11674.jpg
11712,Shirts,/content/fashion_subset/Shirts/11712.jpg
12936,Shirts,/content/fashion_subset/Shirts/12936.jpg
21150,Shirts,/content/fashion_subset/Shirts/21150.jpg
37741,Shirts,/content/fashion_subset/Shirts/37741.jpg
14678,Shirts,/content/fashion_subset/Shirts/14678.jpg
14043,Shirts,/content/fashion_subset/Shirts/14043.jpg
2132,Shirts,/content/fashion_subset/Shirts/2132.jpg
16364,Shirts,/content/fashion_subset/Shirts/16364.jpg
15999,Shirts,/content/fashion_subset/Shirts/15999.jpg
8719,Shirts,/content/fashion_subset/Shirts/8719.jpg
27213,Shirts,/content/fashion_subset/Shirts/27213.jpg
14755,Shirts,/content/fashion_subset/Shirts/14755.jpg
13886,Shirts,/content/fashion_subset/Shirts/13886.jpg
31303,Shirts,/content/fashion_subset/Shirts/31303.jpg
31024,Shirts,/content/fashion_subset/Shirts/31024.jpg
37768,Shirts,/content/fashion_subset/Shirts/37768.jpg
31099,Shirts,/content/fashion_subset/Shirts/31099.jpg
18750,Shirts,/content/fashion_subset/Shirts/18750.jpg
8742,Shirts,/content/fashion_subset/Shirts/8742.jpg
37770,Shirts,/content/fashion_subset/Shirts/37770.jpg
19720,Shirts,/content/fashion_subset/Shirts/19720.jpg
11203,Watches,/content/fashion_subset/Watches/11203.jpg
43214,Watches,/content/fashion_subset/Watches/43214.jpg
51562,Watches,/content/fashion_subset/Watches/51562.jpg
18531,Watches,/content/fashion_subset/Watches/18531.jpg
19276,Watches,/content/fashion_subset/Watches/19276.jpg
43198,Watches,/content/fashion_subset/Watches/43198.jpg
40534,Watches,/content/fashion_subset/Watches/40534.jpg
29906,Watches,/content/fashion_subset/Watches/29906.jpg
23274,Watches,/content/fashion_subset/Watches/23274.jpg
45290,Watches,/content/fashion_subset/Watches/45290.jpg
54632,Watches,/content/fashion_subset/Watches/54632.jpg
46554,Watches,/content/fashion_subset/Watches/46554.jpg
25681,Watches,/content/fashion_subset/Watches/25681.jpg
33915,Watches,/content/fashion_subset/Watches/33915.jpg
53593,Watches,/content/fashion_subset/Watches/53593.jpg
21675,Watches,/content/fashion_subset/Watches/21675.jpg
51516,Watches,/content/fashion_subset/Watches/51516.jpg
19257,Watches,/content/fashion_subset/Watches/19257.jpg
32364,Watches,/content/fashion_subset/Watches/32364.jpg
17437,Watches,/content/fashion_subset/Watches/17437.jpg
48035,Watches,/content/fashion_subset/Watches/48035.jpg
43167,Watches,/content/fashion_subset/Watches/43167.jpg
51647,Watches,/content/fashion_subset/Watches/51647.jpg
4665,Watches,/content/fashion_subset/Watches/4665.jpg
45939,Watches,/content/fashion_subset/Watches/45939.jpg
16781,Watches,/content/fashion_subset/Watches/16781.jpg
46545,Watches,/content/fashion_subset/Watches/46545.jpg
32363,Watches,/content/fashion_subset/Watches/32363.jpg
36941,Watches,/content/fashion_subset/Watches/36941.jpg
43174,Watches,/content/fashion_subset/Watches/43174.jpg
36797,Watches,/content/fashion_subset/Watches/36797.jpg
25648,Watches,/content/fashion_subset/Watches/25648.jpg
45021,Watches,/content/fashion_subset/Watches/45021.jpg
46474,Watches,/content/fashion_subset/Watches/46474.jpg
11216,Watches,/content/fashion_subset/Watches/11216.jpg
46516,Watches,/content/fashion_subset/Watches/46516.jpg
53626,Watches,/content/fashion_subset/Watches/53626.jpg
23521,Watches,/content/fashion_subset/Watches/23521.jpg
31822,Watches,/content/fashion_subset/Watches/31822.jpg
10141,Watches,/content/fashion_subset/Watches/10141.jpg
30036,Watches,/content/fashion_subset/Watches/30036.jpg
18530,Watches,/content/fashion_subset/Watches/18530.jpg
48017,Watches,/content/fashion_subset/Watches/48017.jpg
32315,Watches,/content/fashion_subset/Watches/32315.jpg
58448,Watches,/content/fashion_subset/Watches/58448.jpg
32299,Watches,/content/fashion_subset/Watches/32299.jpg
45000,Watches,/content/fashion_subset/Watches/45000.jpg
31853,Watches,/content/fashion_subset/Watches/31853.jpg
13063,Watches,/content/fashion_subset/Watches/13063.jpg
46736,Watches,/content/fashion_subset/Watches/46736.jpg
25629,Watches,/content/fashion_subset/Watches/25629.jpg
44967,Watches,/content/fashion_subset/Watches/44967.jpg
4709,Watches,/content/fashion_subset/Watches/4709.jpg
51642,Watches,/content/fashion_subset/Watches/51642.jpg
46576,Watches,/content/fashion_subset/Watches/46576.jpg
31859,Watches,/content/fashion_subset/Watches/31859.jpg
25639,Watches,/content/fashion_subset/Watches/25639.jpg
11646,Watches,/content/fashion_subset/Watches/11646.jpg
8133,Watches,/content/fashion_subset/Watches/8133.jpg
36906,Watches,/content/fashion_subset/Watches/36906.jpg
8145,Watches,/content/fashion_subset/Watches/8145.jpg
36903,Watches,/content/fashion_subset/Watches/36903.jpg
10580,Watches,/content/fashion_subset/Watches/10580.jpg
36904,Watches,/content/fashion_subset/Watches/36904.jpg
49514,Watches,/content/fashion_subset/Watches/49514.jpg
29909,Watches,/content/fashion_subset/Watches/29909.jpg
41049,Watches,/content/fashion_subset/Watches/41049.jpg
56332,Watches,/content/fashion_subset/Watches/56332.jpg
21710,Watches,/content/fashion_subset/Watches/21710.jpg
32368,Watches,/content/fashion_subset/Watches/32368.jpg
17444,Watches,/content/fashion_subset/Watches/17444.jpg
51538,Watches,/content/fashion_subset/Watches/51538.jpg
51518,Watches,/content/fashion_subset/Watches/51518.jpg
38028,Watches,/content/fashion_subset/Watches/38028.jpg
51629,Watches,/content/fashion_subset/Watches/51629.jpg
46453,Watches,/content/fashion_subset/Watches/46453.jpg
29501,Watches,/content/fashion_subset/Watches/29501.jpg
11637,Watches,/content/fashion_subset/Watches/11637.jpg
56343,Watches,/content/fashion_subset/Watches/56343.jpg
11490,Watches,/content/fashion_subset/Watches/11490.jpg
45135,Watches,/content/fashion_subset/Watches/45135.jpg
59245,Watches,/content/fashion_subset/Watches/59245.jpg
22930,Watches,/content/fashion_subset/Watches/22930.jpg
38024,Watches,/content/fashion_subset/Watches/38024.jpg
17460,Watches,/content/fashion_subset/Watches/17460.jpg
53603,Watches,/content/fashion_subset/Watches/53603.jpg
22936,Watches,/content/fashion_subset/Watches/22936.jpg
32376,Watches,/content/fashion_subset/Watches/32376.jpg
45264,Watches,/content/fashion_subset/Watches/45264.jpg
38006,Watches,/content/fashion_subset/Watches/38006.jpg
29449,Watches,/content/fashion_subset/Watches/29449.jpg
45877,Watches,/content/fashion_subset/Watches/45877.jpg
10314,Watches,/content/fashion_subset/Watches/10314.jpg
37321,Watches,/content/fashion_subset/Watches/37321.jpg
33898,Watches,/content/fashion_subset/Watches/33898.jpg
10392,Watches,/content/fashion_subset/Watches/10392.jpg
45263,Watches,/content/fashion_subset/Watches/45263.jpg
5072,Watches,/content/fashion_subset/Watches/5072.jpg
45927,Watches,/content/fashion_subset/Watches/45927.jpg
46505,Watches,/content/fashion_subset/Watches/46505.jpg
45045,Watches,/content/fashion_subset/Watches/45045.jpg
45150,Watches,/content/fashion_subset/Watches/45150.jpg
32326,Watches,/content/fashion_subset/Watches/32326.jpg
46418,Watches,/content/fashion_subset/Watches/46418.jpg
46439,Watches,/content/fashion_subset/Watches/46439.jpg
29519,Watches,/content/fashion_subset/Watches/29519.jpg
33929,Watches,/content/fashion_subset/Watches/33929.jpg
25326,Watches,/content/fashion_subset/Watches/25326.jpg
29462,Watches,/content/fashion_subset/Watches/29462.jpg
43201,Watches,/content/fashion_subset/Watches/43201.jpg
36768,Watches,/content/fashion_subset/Watches/36768.jpg
17417,Watches,/content/fashion_subset/Watches/17417.jpg
29942,Watches,/content/fashion_subset/Watches/29942.jpg
46528,Watches,/content/fashion_subset/Watches/46528.jpg
25620,Watches,/content/fashion_subset/Watches/25620.jpg
38015,Watches,/content/fashion_subset/Watches/38015.jpg
10706,Watches,/content/fashion_subset/Watches/10706.jpg
5073,Watches,/content/fashion_subset/Watches/5073.jpg
11215,Watches,/content/fashion_subset/Watches/11215.jpg
33908,Watches,/content/fashion_subset/Watches/33908.jpg
56321,Watches,/content/fashion_subset/Watches/56321.jpg
45898,Watches,/content/fashion_subset/Watches/45898.jpg
44984,Watches,/content/fashion_subset/Watches/44984.jpg
45025,Watches,/content/fashion_subset/Watches/45025.jpg
32306,Watches,/content/fashion_subset/Watches/32306.jpg
32328,Watches,/content/fashion_subset/Watches/32328.jpg
21689,Watches,/content/fashion_subset/Watches/21689.jpg
38007,Watches,/content/fashion_subset/Watches/38007.jpg
40501,Watches,/content/fashion_subset/Watches/40501.jpg
29420,Watches,/content/fashion_subset/Watches/29420.jpg
43154,Watches,/content/fashion_subset/Watches/43154.jpg
33884,Watches,/content/fashion_subset/Watches/33884.jpg
49856,Watches,/content/fashion_subset/Watches/49856.jpg
59272,Watches,/content/fashion_subset/Watches/59272.jpg
30014,Watches,/content/fashion_subset/Watches/30014.jpg
32332,Watches,/content/fashion_subset/Watches/32332.jpg
39362,Watches,/content/fashion_subset/Watches/39362.jpg
45119,Watches,/content/fashion_subset/Watches/45119.jpg
51540,Watches,/content/fashion_subset/Watches/51540.jpg
33883,Watches,/content/fashion_subset/Watches/33883.jpg
50396,Watches,/content/fashion_subset/Watches/50396.jpg
11226,Watches,/content/fashion_subset/Watches/11226.jpg
5074,Watches,/content/fashion_subset/Watches/5074.jpg
32331,Watches,/content/fashion_subset/Watches/32331.jpg
16787,Watches,/content/fashion_subset/Watches/16787.jpg
26337,Watches,/content/fashion_subset/Watches/26337.jpg
45194,Watches,/content/fashion_subset/Watches/45194.jpg
40548,Watches,/content/fashion_subset/Watches/40548.jpg
31821,Watches,/content/fashion_subset/Watches/31821.jpg
38012,Watches,/content/fashion_subset/Watches/38012.jpg
37497,Watches,/content/fashion_subset/Watches/37497.jpg
59279,Watches,/content/fashion_subset/Watches/59279.jpg
29748,Watches,/content/fashion_subset/Watches/29748.jpg
29912,Watches,/content/fashion_subset/Watches/29912.jpg
23287,Watches,/content/fashion_subset/Watches/23287.jpg
51524,Watches,/content/fashion_subset/Watches/51524.jpg
33904,Watches,/content/fashion_subset/Watches/33904.jpg
46440,Watches,/content/fashion_subset/Watches/46440.jpg
19268,Watches,/content/fashion_subset/Watches/19268.jpg
25313,Watches,/content/fashion_subset/Watches/25313.jpg
51656,Watches,/content/fashion_subset/Watches/51656.jpg
50388,Watches,/content/fashion_subset/Watches/50388.jpg
46308,Watches,/content/fashion_subset/Watches/46308.jpg
53585,Watches,/content/fashion_subset/Watches/53585.jpg
38043,Watches,/content/fashion_subset/Watches/38043.jpg
54644,Watches,/content/fashion_subset/Watches/54644.jpg
43216,Watches,/content/fashion_subset/Watches/43216.jpg
17457,Watches,/content/fashion_subset/Watches/17457.jpg
50390,Watches,/content/fashion_subset/Watches/50390.jpg
21704,Watches,/content/fashion_subset/Watches/21704.jpg
38053,Watches,/content/fashion_subset/Watches/38053.jpg
30096,Watches,/content/fashion_subset/Watches/30096.jpg
46470,Watches,/content/fashion_subset/Watches/46470.jpg
17433,Watches,/content/fashion_subset/Watches/17433.jpg
32316,Watches,/content/fashion_subset/Watches/32316.jpg
45915,Watches,/content/fashion_subset/Watches/45915.jpg
45911,Watches,/content/fashion_subset/Watches/45911.jpg
25309,Watches,/content/fashion_subset/Watches/25309.jpg
43208,Watches,/content/fashion_subset/Watches/43208.jpg
33906,Watches,/content/fashion_subset/Watches/33906.jpg
16774,Watches,/content/fashion_subset/Watches/16774.jpg
45879,Watches,/content/fashion_subset/Watches/45879.jpg
29910,Watches,/content/fashion_subset/Watches/29910.jpg
36762,Watches,/content/fashion_subset/Watches/36762.jpg
46566,Watches,/content/fashion_subset/Watches/46566.jpg
38031,Watches,/content/fashion_subset/Watches/38031.jpg
11180,Watches,/content/fashion_subset/Watches/11180.jpg
45013,Watches,/content/fashion_subset/Watches/45013.jpg
45172,Watches,/content/fashion_subset/Watches/45172.jpg
45921,Watches,/content/fashion_subset/Watches/45921.jpg
37295,Watches,/content/fashion_subset/Watches/37295.jpg
40560,Watches,/content/fashion_subset/Watches/40560.jpg
32346,Watches,/content/fashion_subset/Watches/32346.jpg
5069,Watches,/content/fashion_subset/Watches/5069.jpg
13056,Watches,/content/fashion_subset/Watches/13056.jpg
23269,Watches,/content/fashion_subset/Watches/23269.jpg
38029,Watches,/content/fashion_subset/Watches/38029.jpg
32353,Watches,/content/fashion_subset/Watches/32353.jpg
25308,Watches,/content/fashion_subset/Watches/25308.jpg
46473,Watches,/content/fashion_subset/Watches/46473.jpg
43215,Watches,/content/fashion_subset/Watches/43215.jpg
37312,Watches,/content/fashion_subset/Watches/37312.jpg
10235,Watches,/content/fashion_subset/Watches/10235.jpg
4701,Watches,/content/fashion_subset/Watches/4701.jpg
25664,Watches,/content/fashion_subset/Watches/25664.jpg
21692,Watches,/content/fashion_subset/Watches/21692.jpg
45024,Watches,/content/fashion_subset/Watches/45024.jpg
46486,Watches,/content/fashion_subset/Watches/46486.jpg
11223,Watches,/content/fashion_subset/Watches/11223.jpg
22948,Watches,/content/fashion_subset/Watches/22948.jpg
10237,Watches,/content/fashion_subset/Watches/10237.jpg
54658,Watches,/content/fashion_subset/Watches/54658.jpg
40499,Watches,/content/fashion_subset/Watches/40499.jpg
46508,Watches,/content/fashion_subset/Watches/46508.jpg
29447,Watches,/content/fashion_subset/Watches/29447.jpg
59228,Watches,/content/fashion_subset/Watches/59228.jpg
49880,Watches,/content/fashion_subset/Watches/49880.jpg
23508,Watches,/content/fashion_subset/Watches/23508.jpg
53600,Watches,/content/fashion_subset/Watches/53600.jpg
43205,Watches,/content/fashion_subset/Watches/43205.jpg
39016,Watches,/content/fashion_subset/Watches/39016.jpg
45231,Watches,/content/fashion_subset/Watches/45231.jpg
30072,Watches,/content/fashion_subset/Watches/30072.jpg
10326,Watches,/content/fashion_subset/Watches/10326.jpg
38049,Watches,/content/fashion_subset/Watches/38049.jpg
51640,Watches,/content/fashion_subset/Watches/51640.jpg
33872,Watches,/content/fashion_subset/Watches/33872.jpg
46495,Watches,/content/fashion_subset/Watches/46495.jpg
46437,Watches,/content/fashion_subset/Watches/46437.jpg
25319,Watches,/content/fashion_subset/Watches/25319.jpg
23263,Watches,/content/fashion_subset/Watches/23263.jpg
32325,Watches,/content/fashion_subset/Watches/32325.jpg
36791,Watches,/content/fashion_subset/Watches/36791.jpg
11652,Watches,/content/fashion_subset/Watches/11652.jpg
8139,Watches,/content/fashion_subset/Watches/8139.jpg
19300,Watches,/content/fashion_subset/Watches/19300.jpg
45297,Watches,/content/fashion_subset/Watches/45297.jpg
49327,Watches,/content/fashion_subset/Watches/49327.jpg
30176,Watches,/content/fashion_subset/Watches/30176.jpg
51623,Watches,/content/fashion_subset/Watches/51623.jpg
4694,Watches,/content/fashion_subset/Watches/4694.jpg
29935,Watches,/content/fashion_subset/Watches/29935.jpg
46569,Watches,/content/fashion_subset/Watches/46569.jpg
49886,Watches,/content/fashion_subset/Watches/49886.jpg
50394,Watches,/content/fashion_subset/Watches/50394.jpg
45255,Watches,/content/fashion_subset/Watches/45255.jpg
25324,Watches,/content/fashion_subset/Watches/25324.jpg
45269,Watches,/content/fashion_subset/Watches/45269.jpg
10236,Watches,/content/fashion_subset/Watches/10236.jpg
45287,Watches,/content/fashion_subset/Watches/45287.jpg
29920,Watches,/content/fashion_subset/Watches/29920.jpg
46464,Watches,/content/fashion_subset/Watches/46464.jpg
51658,Watches,/content/fashion_subset/Watches/51658.jpg
53581,Watches,/content/fashion_subset/Watches/53581.jpg
46447,Watches,/content/fashion_subset/Watches/46447.jpg
36785,Watches,/content/fashion_subset/Watches/36785.jpg
45130,Watches,/content/fashion_subset/Watches/45130.jpg
41035,Watches,/content/fashion_subset/Watches/41035.jpg
37331,Watches,/content/fashion_subset/Watches/37331.jpg
5062,Watches,/content/fashion_subset/Watches/5062.jpg
29522,Watches,/content/fashion_subset/Watches/29522.jpg
8107,Watches,/content/fashion_subset/Watches/8107.jpg
40513,Watches,/content/fashion_subset/Watches/40513.jpg
33891,Watches,/content/fashion_subset/Watches/33891.jpg
31813,Watches,/content/fashion_subset/Watches/31813.jpg
39376,Watches,/content/fashion_subset/Watches/39376.jpg
13839,Watches,/content/fashion_subset/Watches/13839.jpg
46740,Watches,/content/fashion_subset/Watches/46740.jpg
43166,Watches,/content/fashion_subset/Watches/43166.jpg
45265,Watches,/content/fashion_subset/Watches/45265.jpg
49866,Watches,/content/fashion_subset/Watches/49866.jpg
29416,Watches,/content/fashion_subset/Watches/29416.jpg
33920,Watches,/content/fashion_subset/Watches/33920.jpg
8116,Watches,/content/fashion_subset/Watches/8116.jpg
25314,Watches,/content/fashion_subset/Watches/25314.jpg
45121,Watches,/content/fashion_subset/Watches/45121.jpg
45232,Watches,/content/fashion_subset/Watches/45232.jpg
28276,Watches,/content/fashion_subset/Watches/28276.jpg
49879,Watches,/content/fashion_subset/Watches/49879.jpg
16779,Watches,/content/fashion_subset/Watches/16779.jpg
51636,Watches,/content/fashion_subset/Watches/51636.jpg
46529,Watches,/content/fashion_subset/Watches/46529.jpg
46575,Watches,/content/fashion_subset/Watches/46575.jpg
19251,Watches,/content/fashion_subset/Watches/19251.jpg
59247,Watches,/content/fashion_subset/Watches/59247.jpg
40527,Watches,/content/fashion_subset/Watches/40527.jpg
29919,Watches,/content/fashion_subset/Watches/29919.jpg
36781,Watches,/content/fashion_subset/Watches/36781.jpg
32342,Watches,/content/fashion_subset/Watches/32342.jpg
51638,Watches,/content/fashion_subset/Watches/51638.jpg
46558,Watches,/content/fashion_subset/Watches/46558.jpg
19286,Watches,/content/fashion_subset/Watches/19286.jpg
40547,Watches,/content/fashion_subset/Watches/40547.jpg
38020,Watches,/content/fashion_subset/Watches/38020.jpg
29422,Watches,/content/fashion_subset/Watches/29422.jpg
30002,Watches,/content/fashion_subset/Watches/30002.jpg
25645,Watches,/content/fashion_subset/Watches/25645.jpg
46525,Watches,/content/fashion_subset/Watches/46525.jpg
8134,Watches,/content/fashion_subset/Watches/8134.jpg
54650,Watches,/content/fashion_subset/Watches/54650.jpg
14679,Tshirts,/content/fashion_subset/Tshirts/14679.jpg
38618,Tshirts,/content/fashion_subset/Tshirts/38618.jpg
13435,Tshirts,/content/fashion_subset/Tshirts/13435.jpg
2253,Tshirts,/content/fashion_subset/Tshirts/2253.jpg
23060,Tshirts,/content/fashion_subset/Tshirts/23060.jpg
16642,Tshirts,/content/fashion_subset/Tshirts/16642.jpg
9548,Tshirts,/content/fashion_subset/Tshirts/9548.jpg
18847,Tshirts,/content/fashion_subset/Tshirts/18847.jpg
5204,Tshirts,/content/fashion_subset/Tshirts/5204.jpg
53312,Tshirts,/content/fashion_subset/Tshirts/53312.jpg
22613,Tshirts,/content/fashion_subset/Tshirts/22613.jpg
6711,Tshirts,/content/fashion_subset/Tshirts/6711.jpg
45440,Tshirts,/content/fashion_subset/Tshirts/45440.jpg
4873,Tshirts,/content/fashion_subset/Tshirts/4873.jpg
4392,Tshirts,/content/fashion_subset/Tshirts/4392.jpg
4877,Tshirts,/content/fashion_subset/Tshirts/4877.jpg
18244,Tshirts,/content/fashion_subset/Tshirts/18244.jpg
11009,Tshirts,/content/fashion_subset/Tshirts/11009.jpg
6171,Tshirts,/content/fashion_subset/Tshirts/6171.jpg
20251,Tshirts,/content/fashion_subset/Tshirts/20251.jpg
4751,Tshirts,/content/fashion_subset/Tshirts/4751.jpg
1810,Tshirts,/content/fashion_subset/Tshirts/1810.jpg
38617,Tshirts,/content/fashion_subset/Tshirts/38617.jpg
11746,Tshirts,/content/fashion_subset/Tshirts/11746.jpg
4817,Tshirts,/content/fashion_subset/Tshirts/4817.jpg
34244,Tshirts,/content/fashion_subset/Tshirts/34244.jpg
13816,Tshirts,/content/fashion_subset/Tshirts/13816.jpg
5826,Tshirts,/content/fashion_subset/Tshirts/5826.jpg
36738,Tshirts,/content/fashion_subset/Tshirts/36738.jpg
13529,Tshirts,/content/fashion_subset/Tshirts/13529.jpg
4299,Tshirts,/content/fashion_subset/Tshirts/4299.jpg
18611,Tshirts,/content/fashion_subset/Tshirts/18611.jpg
52151,Tshirts,/content/fashion_subset/Tshirts/52151.jpg
3359,Tshirts,/content/fashion_subset/Tshirts/3359.jpg
36245,Tshirts,/content/fashion_subset/Tshirts/36245.jpg
32926,Tshirts,/content/fashion_subset/Tshirts/32926.jpg
9690,Tshirts,/content/fashion_subset/Tshirts/9690.jpg
18636,Tshirts,/content/fashion_subset/Tshirts/18636.jpg
48405,Tshirts,/content/fashion_subset/Tshirts/48405.jpg
3315,Tshirts,/content/fashion_subset/Tshirts/3315.jpg
10994,Tshirts,/content/fashion_subset/Tshirts/10994.jpg
3284,Tshirts,/content/fashion_subset/Tshirts/3284.jpg
35983,Tshirts,/content/fashion_subset/Tshirts/35983.jpg
10691,Tshirts,/content/fashion_subset/Tshirts/10691.jpg
7856,Tshirts,/content/fashion_subset/Tshirts/7856.jpg
4838,Tshirts,/content/fashion_subset/Tshirts/4838.jpg
8274,Tshirts,/content/fashion_subset/Tshirts/8274.jpg
6722,Tshirts,/content/fashion_subset/Tshirts/6722.jpg
24146,Tshirts,/content/fashion_subset/Tshirts/24146.jpg
3791,Tshirts,/content/fashion_subset/Tshirts/3791.jpg
5813,Tshirts,/content/fashion_subset/Tshirts/5813.jpg
5231,Tshirts,/content/fashion_subset/Tshirts/5231.jpg
13848,Tshirts,/content/fashion_subset/Tshirts/13848.jpg
30309,Tshirts,/content/fashion_subset/Tshirts/30309.jpg
48443,Tshirts,/content/fashion_subset/Tshirts/48443.jpg
3477,Tshirts,/content/fashion_subset/Tshirts/3477.jpg
19015,Tshirts,/content/fashion_subset/Tshirts/19015.jpg
1897,Tshirts,/content/fashion_subset/Tshirts/1897.jpg
36873,Tshirts,/content/fashion_subset/Tshirts/36873.jpg
8361,Tshirts,/content/fashion_subset/Tshirts/8361.jpg
10826,Tshirts,/content/fashion_subset/Tshirts/10826.jpg
34393,Tshirts,/content/fashion_subset/Tshirts/34393.jpg
31541,Tshirts,/content/fashion_subset/Tshirts/31541.jpg
36304,Tshirts,/content/fashion_subset/Tshirts/36304.jpg
10822,Tshirts,/content/fashion_subset/Tshirts/10822.jpg
3769,Tshirts,/content/fashion_subset/Tshirts/3769.jpg
26715,Tshirts,/content/fashion_subset/Tshirts/26715.jpg
2922,Tshirts,/content/fashion_subset/Tshirts/2922.jpg
19147,Tshirts,/content/fashion_subset/Tshirts/19147.jpg
24036,Tshirts,/content/fashion_subset/Tshirts/24036.jpg
38152,Tshirts,/content/fashion_subset/Tshirts/38152.jpg
7530,Tshirts,/content/fashion_subset/Tshirts/7530.jpg
24729,Tshirts,/content/fashion_subset/Tshirts/24729.jpg
23129,Tshirts,/content/fashion_subset/Tshirts/23129.jpg
5843,Tshirts,/content/fashion_subset/Tshirts/5843.jpg
3709,Tshirts,/content/fashion_subset/Tshirts/3709.jpg
31797,Tshirts,/content/fashion_subset/Tshirts/31797.jpg
2978,Tshirts,/content/fashion_subset/Tshirts/2978.jpg
6214,Tshirts,/content/fashion_subset/Tshirts/6214.jpg
10377,Tshirts,/content/fashion_subset/Tshirts/10377.jpg
19675,Tshirts,/content/fashion_subset/Tshirts/19675.jpg
17811,Tshirts,/content/fashion_subset/Tshirts/17811.jpg
7758,Tshirts,/content/fashion_subset/Tshirts/7758.jpg
6037,Tshirts,/content/fashion_subset/Tshirts/6037.jpg
30121,Tshirts,/content/fashion_subset/Tshirts/30121.jpg
3431,Tshirts,/content/fashion_subset/Tshirts/3431.jpg
5502,Tshirts,/content/fashion_subset/Tshirts/5502.jpg
3217,Tshirts,/content/fashion_subset/Tshirts/3217.jpg
31547,Tshirts,/content/fashion_subset/Tshirts/31547.jpg
2038,Tshirts,/content/fashion_subset/Tshirts/2038.jpg
22587,Tshirts,/content/fashion_subset/Tshirts/22587.jpg
37093,Tshirts,/content/fashion_subset/Tshirts/37093.jpg
3859,Tshirts,/content/fashion_subset/Tshirts/3859.jpg
35884,Tshirts,/content/fashion_subset/Tshirts/35884.jpg
57448,Tshirts,/content/fashion_subset/Tshirts/57448.jpg
31254,Tshirts,/content/fashion_subset/Tshirts/31254.jpg
38345,Tshirts,/content/fashion_subset/Tshirts/38345.jpg
6937,Tshirts,/content/fashion_subset/Tshirts/6937.jpg
23647,Tshirts,/content/fashion_subset/Tshirts/23647.jpg
9834,Tshirts,/content/fashion_subset/Tshirts/9834.jpg
6990,Tshirts,/content/fashion_subset/Tshirts/6990.jpg
3778,Tshirts,/content/fashion_subset/Tshirts/3778.jpg
38958,Tshirts,/content/fashion_subset/Tshirts/38958.jpg
24552,Tshirts,/content/fashion_subset/Tshirts/24552.jpg
9540,Tshirts,/content/fashion_subset/Tshirts/9540.jpg
2039,Tshirts,/content/fashion_subset/Tshirts/2039.jpg
13947,Tshirts,/content/fashion_subset/Tshirts/13947.jpg
48072,Tshirts,/content/fashion_subset/Tshirts/48072.jpg
3872,Tshirts,/content/fashion_subset/Tshirts/3872.jpg
17258,Tshirts,/content/fashion_subset/Tshirts/17258.jpg
8326,Tshirts,/content/fashion_subset/Tshirts/8326.jpg
6949,Tshirts,/content/fashion_subset/Tshirts/6949.jpg
5833,Tshirts,/content/fashion_subset/Tshirts/5833.jpg
19396,Tshirts,/content/fashion_subset/Tshirts/19396.jpg
10863,Tshirts,/content/fashion_subset/Tshirts/10863.jpg
3531,Tshirts,/content/fashion_subset/Tshirts/3531.jpg
15476,Tshirts,/content/fashion_subset/Tshirts/15476.jpg
42394,Tshirts,/content/fashion_subset/Tshirts/42394.jpg
7459,Tshirts,/content/fashion_subset/Tshirts/7459.jpg
8315,Tshirts,/content/fashion_subset/Tshirts/8315.jpg
12495,Tshirts,/content/fashion_subset/Tshirts/12495.jpg
34193,Tshirts,/content/fashion_subset/Tshirts/34193.jpg
10472,Tshirts,/content/fashion_subset/Tshirts/10472.jpg
3885,Tshirts,/content/fashion_subset/Tshirts/3885.jpg
6757,Tshirts,/content/fashion_subset/Tshirts/6757.jpg
2317,Tshirts,/content/fashion_subset/Tshirts/2317.jpg
31103,Tshirts,/content/fashion_subset/Tshirts/31103.jpg
37588,Tshirts,/content/fashion_subset/Tshirts/37588.jpg
31156,Tshirts,/content/fashion_subset/Tshirts/31156.jpg
23669,Tshirts,/content/fashion_subset/Tshirts/23669.jpg
2743,Tshirts,/content/fashion_subset/Tshirts/2743.jpg
2280,Tshirts,/content/fashion_subset/Tshirts/2280.jpg
7465,Tshirts,/content/fashion_subset/Tshirts/7465.jpg
24132,Tshirts,/content/fashion_subset/Tshirts/24132.jpg
22332,Tshirts,/content/fashion_subset/Tshirts/22332.jpg
30551,Tshirts,/content/fashion_subset/Tshirts/30551.jpg
31257,Tshirts,/content/fashion_subset/Tshirts/31257.jpg
39862,Tshirts,/content/fashion_subset/Tshirts/39862.jpg
9839,Tshirts,/content/fashion_subset/Tshirts/9839.jpg
10988,Tshirts,/content/fashion_subset/Tshirts/10988.jpg
52050,Tshirts,/content/fashion_subset/Tshirts/52050.jpg
57441,Tshirts,/content/fashion_subset/Tshirts/57441.jpg
3787,Tshirts,/content/fashion_subset/Tshirts/3787.jpg
2868,Tshirts,/content/fashion_subset/Tshirts/2868.jpg
13160,Tshirts,/content/fashion_subset/Tshirts/13160.jpg
2267,Tshirts,/content/fashion_subset/Tshirts/2267.jpg
30304,Tshirts,/content/fashion_subset/Tshirts/30304.jpg
1949,Tshirts,/content/fashion_subset/Tshirts/1949.jpg
10610,Tshirts,/content/fashion_subset/Tshirts/10610.jpg
20312,Tshirts,/content/fashion_subset/Tshirts/20312.jpg
37287,Tshirts,/content/fashion_subset/Tshirts/37287.jpg
14078,Tshirts,/content/fashion_subset/Tshirts/14078.jpg
17275,Tshirts,/content/fashion_subset/Tshirts/17275.jpg
19804,Tshirts,/content/fashion_subset/Tshirts/19804.jpg
42106,Tshirts,/content/fashion_subset/Tshirts/42106.jpg
4812,Tshirts,/content/fashion_subset/Tshirts/4812.jpg
4364,Tshirts,/content/fashion_subset/Tshirts/4364.jpg
6185,Tshirts,/content/fashion_subset/Tshirts/6185.jpg
7908,Tshirts,/content/fashion_subset/Tshirts/7908.jpg
24953,Tshirts,/content/fashion_subset/Tshirts/24953.jpg
7857,Tshirts,/content/fashion_subset/Tshirts/7857.jpg
34390,Tshirts,/content/fashion_subset/Tshirts/34390.jpg
3104,Tshirts,/content/fashion_subset/Tshirts/3104.jpg
6999,Tshirts,/content/fashion_subset/Tshirts/6999.jpg
22600,Tshirts,/content/fashion_subset/Tshirts/22600.jpg
27583,Tshirts,/content/fashion_subset/Tshirts/27583.jpg
24150,Tshirts,/content/fashion_subset/Tshirts/24150.jpg
3899,Tshirts,/content/fashion_subset/Tshirts/3899.jpg
6935,Tshirts,/content/fashion_subset/Tshirts/6935.jpg
31035,Tshirts,/content/fashion_subset/Tshirts/31035.jpg
49942,Tshirts,/content/fashion_subset/Tshirts/49942.jpg
16639,Tshirts,/content/fashion_subset/Tshirts/16639.jpg
6203,Tshirts,/content/fashion_subset/Tshirts/6203.jpg
17232,Tshirts,/content/fashion_subset/Tshirts/17232.jpg
14015,Tshirts,/content/fashion_subset/Tshirts/14015.jpg
4802,Tshirts,/content/fashion_subset/Tshirts/4802.jpg
13098,Tshirts,/content/fashion_subset/Tshirts/13098.jpg
5096,Tshirts,/content/fashion_subset/Tshirts/5096.jpg
14944,Tshirts,/content/fashion_subset/Tshirts/14944.jpg
20264,Tshirts,/content/fashion_subset/Tshirts/20264.jpg
21454,Tshirts,/content/fashion_subset/Tshirts/21454.jpg
4382,Tshirts,/content/fashion_subset/Tshirts/4382.jpg
3926,Tshirts,/content/fashion_subset/Tshirts/3926.jpg
26491,Tshirts,/content/fashion_subset/Tshirts/26491.jpg
13491,Tshirts,/content/fashion_subset/Tshirts/13491.jpg
5145,Tshirts,/content/fashion_subset/Tshirts/5145.jpg
48403,Tshirts,/content/fashion_subset/Tshirts/48403.jpg
3887,Tshirts,/content/fashion_subset/Tshirts/3887.jpg
3738,Tshirts,/content/fashion_subset/Tshirts/3738.jpg
52121,Tshirts,/content/fashion_subset/Tshirts/52121.jpg
17940,Tshirts,/content/fashion_subset/Tshirts/17940.jpg
10009,Tshirts,/content/fashion_subset/Tshirts/10009.jpg
19405,Tshirts,/content/fashion_subset/Tshirts/19405.jpg
1756,Tshirts,/content/fashion_subset/Tshirts/1756.jpg
7814,Tshirts,/content/fashion_subset/Tshirts/7814.jpg
52067,Tshirts,/content/fashion_subset/Tshirts/52067.jpg
2151,Tshirts,/content/fashion_subset/Tshirts/2151.jpg
39316,Tshirts,/content/fashion_subset/Tshirts/39316.jpg
53120,Tshirts,/content/fashion_subset/Tshirts/53120.jpg
17202,Tshirts,/content/fashion_subset/Tshirts/17202.jpg
7357,Tshirts,/content/fashion_subset/Tshirts/7357.jpg
6983,Tshirts,/content/fashion_subset/Tshirts/6983.jpg
8549,Tshirts,/content/fashion_subset/Tshirts/8549.jpg
31279,Tshirts,/content/fashion_subset/Tshirts/31279.jpg
2092,Tshirts,/content/fashion_subset/Tshirts/2092.jpg
7265,Tshirts,/content/fashion_subset/Tshirts/7265.jpg
7848,Tshirts,/content/fashion_subset/Tshirts/7848.jpg
44829,Tshirts,/content/fashion_subset/Tshirts/44829.jpg
14072,Tshirts,/content/fashion_subset/Tshirts/14072.jpg
10026,Tshirts,/content/fashion_subset/Tshirts/10026.jpg
9860,Tshirts,/content/fashion_subset/Tshirts/9860.jpg
7641,Tshirts,/content/fashion_subset/Tshirts/7641.jpg
2984,Tshirts,/content/fashion_subset/Tshirts/2984.jpg
2346,Tshirts,/content/fashion_subset/Tshirts/2346.jpg
36247,Tshirts,/content/fashion_subset/Tshirts/36247.jpg
13428,Tshirts,/content/fashion_subset/Tshirts/13428.jpg
41011,Tshirts,/content/fashion_subset/Tshirts/41011.jpg
22789,Tshirts,/content/fashion_subset/Tshirts/22789.jpg
37602,Tshirts,/content/fashion_subset/Tshirts/37602.jpg
6235,Tshirts,/content/fashion_subset/Tshirts/6235.jpg
4042,Tshirts,/content/fashion_subset/Tshirts/4042.jpg
7351,Tshirts,/content/fashion_subset/Tshirts/7351.jpg
5116,Tshirts,/content/fashion_subset/Tshirts/5116.jpg
33950,Tshirts,/content/fashion_subset/Tshirts/33950.jpg
8004,Tshirts,/content/fashion_subset/Tshirts/8004.jpg
34175,Tshirts,/content/fashion_subset/Tshirts/34175.jpg
29014,Tshirts,/content/fashion_subset/Tshirts/29014.jpg
17277,Tshirts,/content/fashion_subset/Tshirts/17277.jpg
16323,Tshirts,/content/fashion_subset/Tshirts/16323.jpg
10879,Tshirts,/content/fashion_subset/Tshirts/10879.jpg
43690,Tshirts,/content/fashion_subset/Tshirts/43690.jpg
18991,Tshirts,/content/fashion_subset/Tshirts/18991.jpg
5497,Tshirts,/content/fashion_subset/Tshirts/5497.jpg
2347,Tshirts,/content/fashion_subset/Tshirts/2347.jpg
16289,Tshirts,/content/fashion_subset/Tshirts/16289.jpg
36312,Tshirts,/content/fashion_subset/Tshirts/36312.jpg
58743,Tshirts,/content/fashion_subset/Tshirts/58743.jpg
3882,Tshirts,/content/fashion_subset/Tshirts/3882.jpg
4258,Tshirts,/content/fashion_subset/Tshirts/4258.jpg
11771,Tshirts,/content/fashion_subset/Tshirts/11771.jpg
22226,Tshirts,/content/fashion_subset/Tshirts/22226.jpg
5500,Tshirts,/content/fashion_subset/Tshirts/5500.jpg
5798,Tshirts,/content/fashion_subset/Tshirts/5798.jpg
54906,Tshirts,/content/fashion_subset/Tshirts/54906.jpg
9819,Tshirts,/content/fashion_subset/Tshirts/9819.jpg
38808,Tshirts,/content/fashion_subset/Tshirts/38808.jpg
57428,Tshirts,/content/fashion_subset/Tshirts/57428.jpg
7952,Tshirts,/content/fashion_subset/Tshirts/7952.jpg
41486,Tshirts,/content/fashion_subset/Tshirts/41486.jpg
16149,Tshirts,/content/fashion_subset/Tshirts/16149.jpg
4858,Tshirts,/content/fashion_subset/Tshirts/4858.jpg
40067,Tshirts,/content/fashion_subset/Tshirts/40067.jpg
7685,Tshirts,/content/fashion_subset/Tshirts/7685.jpg
1807,Tshirts,/content/fashion_subset/Tshirts/1807.jpg
28541,Tshirts,/content/fashion_subset/Tshirts/28541.jpg
7906,Tshirts,/content/fashion_subset/Tshirts/7906.jpg
48435,Tshirts,/content/fashion_subset/Tshirts/48435.jpg
39859,Tshirts,/content/fashion_subset/Tshirts/39859.jpg
4413,Tshirts,/content/fashion_subset/Tshirts/4413.jpg
18856,Tshirts,/content/fashion_subset/Tshirts/18856.jpg
7290,Tshirts,/content/fashion_subset/Tshirts/7290.jpg
11257,Tshirts,/content/fashion_subset/Tshirts/11257.jpg
5547,Tshirts,/content/fashion_subset/Tshirts/5547.jpg
11777,Tshirts,/content/fashion_subset/Tshirts/11777.jpg
34099,Tshirts,/content/fashion_subset/Tshirts/34099.jpg
29606,Tshirts,/content/fashion_subset/Tshirts/29606.jpg
1844,Tshirts,/content/fashion_subset/Tshirts/1844.jpg
6277,Tshirts,/content/fashion_subset/Tshirts/6277.jpg
11767,Tshirts,/content/fashion_subset/Tshirts/11767.jpg
6724,Tshirts,/content/fashion_subset/Tshirts/6724.jpg
9940,Tshirts,/content/fashion_subset/Tshirts/9940.jpg
22228,Tshirts,/content/fashion_subset/Tshirts/22228.jpg
4313,Tshirts,/content/fashion_subset/Tshirts/4313.jpg
42391,Tshirts,/content/fashion_subset/Tshirts/42391.jpg
2054,Tshirts,/content/fashion_subset/Tshirts/2054.jpg
11521,Tshirts,/content/fashion_subset/Tshirts/11521.jpg
22630,Tshirts,/content/fashion_subset/Tshirts/22630.jpg
3198,Tshirts,/content/fashion_subset/Tshirts/3198.jpg
12642,Tshirts,/content/fashion_subset/Tshirts/12642.jpg
7679,Tshirts,/content/fashion_subset/Tshirts/7679.jpg
7851,Tshirts,/content/fashion_subset/Tshirts/7851.jpg
6166,Tshirts,/content/fashion_subset/Tshirts/6166.jpg
4222,Tshirts,/content/fashion_subset/Tshirts/4222.jpg
6901,Tshirts,/content/fashion_subset/Tshirts/6901.jpg
3757,Tshirts,/content/fashion_subset/Tshirts/3757.jpg
19395,Tshirts,/content/fashion_subset/Tshirts/19395.jpg
16417,Tshirts,/content/fashion_subset/Tshirts/16417.jpg
5153,Tshirts,/content/fashion_subset/Tshirts/5153.jpg
3066,Tshirts,/content/fashion_subset/Tshirts/3066.jpg
31788,Tshirts,/content/fashion_subset/Tshirts/31788.jpg
26949,Tshirts,/content/fashion_subset/Tshirts/26949.jpg
7693,Tshirts,/content/fashion_subset/Tshirts/7693.jpg
10824,Tshirts,/content/fashion_subset/Tshirts/10824.jpg
28556,Tshirts,/content/fashion_subset/Tshirts/28556.jpg
44220,Tshirts,/content/fashion_subset/Tshirts/44220.jpg
5721,Tshirts,/content/fashion_subset/Tshirts/5721.jpg
12916,Tshirts,/content/fashion_subset/Tshirts/12916.jpg
27574,Tshirts,/content/fashion_subset/Tshirts/27574.jpg
33071,Tshirts,/content/fashion_subset/Tshirts/33071.jpg
57167,Tshirts,/content/fashion_subset/Tshirts/57167.jpg
51447,Dresses,/content/fashion_subset/Dresses/51447.jpg
54971,Dresses,/content/fashion_subset/Dresses/54971.jpg
59985,Dresses,/content/fashion_subset/Dresses/59985.jpg
59966,Dresses,/content/fashion_subset/Dresses/59966.jpg
8480,Dresses,/content/fashion_subset/Dresses/8480.jpg
46281,Dresses,/content/fashion_subset/Dresses/46281.jpg
57991,Dresses,/content/fashion_subset/Dresses/57991.jpg
48477,Dresses,/content/fashion_subset/Dresses/48477.jpg
33226,Dresses,/content/fashion_subset/Dresses/33226.jpg
39716,Dresses,/content/fashion_subset/Dresses/39716.jpg
39217,Dresses,/content/fashion_subset/Dresses/39217.jpg
59976,Dresses,/content/fashion_subset/Dresses/59976.jpg
43659,Dresses,/content/fashion_subset/Dresses/43659.jpg
57819,Dresses,/content/fashion_subset/Dresses/57819.jpg
48478,Dresses,/content/fashion_subset/Dresses/48478.jpg
38847,Dresses,/content/fashion_subset/Dresses/38847.jpg
48476,Dresses,/content/fashion_subset/Dresses/48476.jpg
33203,Dresses,/content/fashion_subset/Dresses/33203.jpg
27196,Dresses,/content/fashion_subset/Dresses/27196.jpg
43645,Dresses,/content/fashion_subset/Dresses/43645.jpg
18168,Dresses,/content/fashion_subset/Dresses/18168.jpg
57038,Dresses,/content/fashion_subset/Dresses/57038.jpg
8479,Dresses,/content/fashion_subset/Dresses/8479.jpg
43653,Dresses,/content/fashion_subset/Dresses/43653.jpg
52123,Dresses,/content/fashion_subset/Dresses/52123.jpg
29167,Dresses,/content/fashion_subset/Dresses/29167.jpg
47651,Dresses,/content/fashion_subset/Dresses/47651.jpg
59968,Dresses,/content/fashion_subset/Dresses/59968.jpg
57046,Dresses,/content/fashion_subset/Dresses/57046.jpg
47674,Dresses,/content/fashion_subset/Dresses/47674.jpg
6893,Dresses,/content/fashion_subset/Dresses/6893.jpg
41996,Dresses,/content/fashion_subset/Dresses/41996.jpg
41571,Dresses,/content/fashion_subset/Dresses/41571.jpg
38846,Dresses,/content/fashion_subset/Dresses/38846.jpg
58502,Dresses,/content/fashion_subset/Dresses/58502.jpg
44643,Dresses,/content/fashion_subset/Dresses/44643.jpg
58490,Dresses,/content/fashion_subset/Dresses/58490.jpg
37937,Dresses,/content/fashion_subset/Dresses/37937.jpg
44944,Dresses,/content/fashion_subset/Dresses/44944.jpg
57043,Dresses,/content/fashion_subset/Dresses/57043.jpg
45777,Dresses,/content/fashion_subset/Dresses/45777.jpg
58520,Dresses,/content/fashion_subset/Dresses/58520.jpg
12835,Dresses,/content/fashion_subset/Dresses/12835.jpg
11261,Dresses,/content/fashion_subset/Dresses/11261.jpg
25971,Dresses,/content/fashion_subset/Dresses/25971.jpg
43509,Dresses,/content/fashion_subset/Dresses/43509.jpg
41302,Dresses,/content/fashion_subset/Dresses/41302.jpg
59992,Dresses,/content/fashion_subset/Dresses/59992.jpg
58509,Dresses,/content/fashion_subset/Dresses/58509.jpg
59994,Dresses,/content/fashion_subset/Dresses/59994.jpg
49648,Dresses,/content/fashion_subset/Dresses/49648.jpg
59987,Dresses,/content/fashion_subset/Dresses/59987.jpg
38835,Dresses,/content/fashion_subset/Dresses/38835.jpg
18167,Dresses,/content/fashion_subset/Dresses/18167.jpg
12830,Dresses,/content/fashion_subset/Dresses/12830.jpg
27226,Dresses,/content/fashion_subset/Dresses/27226.jpg
37198,Dresses,/content/fashion_subset/Dresses/37198.jpg
48086,Dresses,/content/fashion_subset/Dresses/48086.jpg
2708,Dresses,/content/fashion_subset/Dresses/2708.jpg
38839,Dresses,/content/fashion_subset/Dresses/38839.jpg
48468,Dresses,/content/fashion_subset/Dresses/48468.jpg
25907,Dresses,/content/fashion_subset/Dresses/25907.jpg
35432,Dresses,/content/fashion_subset/Dresses/35432.jpg
34114,Dresses,/content/fashion_subset/Dresses/34114.jpg
42216,Dresses,/content/fashion_subset/Dresses/42216.jpg
27219,Dresses,/content/fashion_subset/Dresses/27219.jpg
13472,Dresses,/content/fashion_subset/Dresses/13472.jpg
43648,Dresses,/content/fashion_subset/Dresses/43648.jpg
54990,Dresses,/content/fashion_subset/Dresses/54990.jpg
37267,Dresses,/content/fashion_subset/Dresses/37267.jpg
58499,Dresses,/content/fashion_subset/Dresses/58499.jpg
57036,Dresses,/content/fashion_subset/Dresses/57036.jpg
54980,Dresses,/content/fashion_subset/Dresses/54980.jpg
6873,Dresses,/content/fashion_subset/Dresses/6873.jpg
27197,Dresses,/content/fashion_subset/Dresses/27197.jpg
58439,Dresses,/content/fashion_subset/Dresses/58439.jpg
24876,Dresses,/content/fashion_subset/Dresses/24876.jpg
57989,Dresses,/content/fashion_subset/Dresses/57989.jpg
14197,Dresses,/content/fashion_subset/Dresses/14197.jpg
8500,Dresses,/content/fashion_subset/Dresses/8500.jpg
43676,Dresses,/content/fashion_subset/Dresses/43676.jpg
38836,Dresses,/content/fashion_subset/Dresses/38836.jpg
58506,Dresses,/content/fashion_subset/Dresses/58506.jpg
48480,Dresses,/content/fashion_subset/Dresses/48480.jpg
34061,Dresses,/content/fashion_subset/Dresses/34061.jpg
27198,Dresses,/content/fashion_subset/Dresses/27198.jpg
57041,Dresses,/content/fashion_subset/Dresses/57041.jpg
23050,Dresses,/content/fashion_subset/Dresses/23050.jpg
33976,Dresses,/content/fashion_subset/Dresses/33976.jpg
59979,Dresses,/content/fashion_subset/Dresses/59979.jpg
43919,Dresses,/content/fashion_subset/Dresses/43919.jpg
48466,Dresses,/content/fashion_subset/Dresses/48466.jpg
34115,Dresses,/content/fashion_subset/Dresses/34115.jpg
20637,Dresses,/content/fashion_subset/Dresses/20637.jpg
43633,Dresses,/content/fashion_subset/Dresses/43633.jpg
37911,Dresses,/content/fashion_subset/Dresses/37911.jpg
8481,Dresses,/content/fashion_subset/Dresses/8481.jpg
57058,Dresses,/content/fashion_subset/Dresses/57058.jpg
40413,Dresses,/content/fashion_subset/Dresses/40413.jpg
39233,Dresses,/content/fashion_subset/Dresses/39233.jpg
44694,Dresses,/content/fashion_subset/Dresses/44694.jpg
35433,Dresses,/content/fashion_subset/Dresses/35433.jpg
58002,Dresses,/content/fashion_subset/Dresses/58002.jpg
18175,Dresses,/content/fashion_subset/Dresses/18175.jpg
2704,Dresses,/content/fashion_subset/Dresses/2704.jpg
39226,Dresses,/content/fashion_subset/Dresses/39226.jpg
6874,Dresses,/content/fashion_subset/Dresses/6874.jpg
32379,Dresses,/content/fashion_subset/Dresses/32379.jpg
59896,Dresses,/content/fashion_subset/Dresses/59896.jpg
33504,Dresses,/content/fashion_subset/Dresses/33504.jpg
59974,Dresses,/content/fashion_subset/Dresses/59974.jpg
43637,Dresses,/content/fashion_subset/Dresses/43637.jpg
18894,Dresses,/content/fashion_subset/Dresses/18894.jpg
18174,Dresses,/content/fashion_subset/Dresses/18174.jpg
54976,Dresses,/content/fashion_subset/Dresses/54976.jpg
10016,Dresses,/content/fashion_subset/Dresses/10016.jpg
41774,Dresses,/content/fashion_subset/Dresses/41774.jpg
43644,Dresses,/content/fashion_subset/Dresses/43644.jpg
10500,Dresses,/content/fashion_subset/Dresses/10500.jpg
59981,Dresses,/content/fashion_subset/Dresses/59981.jpg
50723,Dresses,/content/fashion_subset/Dresses/50723.jpg
13290,Dresses,/content/fashion_subset/Dresses/13290.jpg
58501,Dresses,/content/fashion_subset/Dresses/58501.jpg
38842,Dresses,/content/fashion_subset/Dresses/38842.jpg
34167,Dresses,/content/fashion_subset/Dresses/34167.jpg
58504,Dresses,/content/fashion_subset/Dresses/58504.jpg
43680,Dresses,/content/fashion_subset/Dresses/43680.jpg
38843,Dresses,/content/fashion_subset/Dresses/38843.jpg
52155,Dresses,/content/fashion_subset/Dresses/52155.jpg
59897,Dresses,/content/fashion_subset/Dresses/59897.jpg
58493,Dresses,/content/fashion_subset/Dresses/58493.jpg
48469,Dresses,/content/fashion_subset/Dresses/48469.jpg
57995,Dresses,/content/fashion_subset/Dresses/57995.jpg
48483,Dresses,/content/fashion_subset/Dresses/48483.jpg
43510,Dresses,/content/fashion_subset/Dresses/43510.jpg
8485,Dresses,/content/fashion_subset/Dresses/8485.jpg
35434,Dresses,/content/fashion_subset/Dresses/35434.jpg
47676,Dresses,/content/fashion_subset/Dresses/47676.jpg
34095,Dresses,/content/fashion_subset/Dresses/34095.jpg
57055,Dresses,/content/fashion_subset/Dresses/57055.jpg
42209,Dresses,/content/fashion_subset/Dresses/42209.jpg
33970,Dresses,/content/fashion_subset/Dresses/33970.jpg
23051,Dresses,/content/fashion_subset/Dresses/23051.jpg
59975,Dresses,/content/fashion_subset/Dresses/59975.jpg
18754,Dresses,/content/fashion_subset/Dresses/18754.jpg
2699,Dresses,/content/fashion_subset/Dresses/2699.jpg
39724,Dresses,/content/fashion_subset/Dresses/39724.jpg
44688,Dresses,/content/fashion_subset/Dresses/44688.jpg
57040,Dresses,/content/fashion_subset/Dresses/57040.jpg
12837,Dresses,/content/fashion_subset/Dresses/12837.jpg
49630,Dresses,/content/fashion_subset/Dresses/49630.jpg
34567,Dresses,/content/fashion_subset/Dresses/34567.jpg
2697,Dresses,/content/fashion_subset/Dresses/2697.jpg
5570,Dresses,/content/fashion_subset/Dresses/5570.jpg
39232,Dresses,/content/fashion_subset/Dresses/39232.jpg
43632,Dresses,/content/fashion_subset/Dresses/43632.jpg
59795,Dresses,/content/fashion_subset/Dresses/59795.jpg
40431,Dresses,/content/fashion_subset/Dresses/40431.jpg
59978,Dresses,/content/fashion_subset/Dresses/59978.jpg
26934,Dresses,/content/fashion_subset/Dresses/26934.jpg
48475,Dresses,/content/fashion_subset/Dresses/48475.jpg
35990,Dresses,/content/fashion_subset/Dresses/35990.jpg
48482,Dresses,/content/fashion_subset/Dresses/48482.jpg
38841,Dresses,/content/fashion_subset/Dresses/38841.jpg
43678,Dresses,/content/fashion_subset/Dresses/43678.jpg
4931,Dresses,/content/fashion_subset/Dresses/4931.jpg
48474,Dresses,/content/fashion_subset/Dresses/48474.jpg
49647,Dresses,/content/fashion_subset/Dresses/49647.jpg
59986,Dresses,/content/fashion_subset/Dresses/59986.jpg
2705,Dresses,/content/fashion_subset/Dresses/2705.jpg
57052,Dresses,/content/fashion_subset/Dresses/57052.jpg
43643,Dresses,/content/fashion_subset/Dresses/43643.jpg
59876,Dresses,/content/fashion_subset/Dresses/59876.jpg
40412,Dresses,/content/fashion_subset/Dresses/40412.jpg
57053,Dresses,/content/fashion_subset/Dresses/57053.jpg
4983,Dresses,/content/fashion_subset/Dresses/4983.jpg
37936,Dresses,/content/fashion_subset/Dresses/37936.jpg
57035,Dresses,/content/fashion_subset/Dresses/57035.jpg
59990,Dresses,/content/fashion_subset/Dresses/59990.jpg
43511,Dresses,/content/fashion_subset/Dresses/43511.jpg
48471,Dresses,/content/fashion_subset/Dresses/48471.jpg
52162,Dresses,/content/fashion_subset/Dresses/52162.jpg
38844,Dresses,/content/fashion_subset/Dresses/38844.jpg
52125,Dresses,/content/fashion_subset/Dresses/52125.jpg
5007,Dresses,/content/fashion_subset/Dresses/5007.jpg
46277,Dresses,/content/fashion_subset/Dresses/46277.jpg
27195,Dresses,/content/fashion_subset/Dresses/27195.jpg
43694,Dresses,/content/fashion_subset/Dresses/43694.jpg
57986,Dresses,/content/fashion_subset/Dresses/57986.jpg
48464,Dresses,/content/fashion_subset/Dresses/48464.jpg
37266,Dresses,/content/fashion_subset/Dresses/37266.jpg
38832,Dresses,/content/fashion_subset/Dresses/38832.jpg
34064,Dresses,/content/fashion_subset/Dresses/34064.jpg
51457,Dresses,/content/fashion_subset/Dresses/51457.jpg
6870,Dresses,/content/fashion_subset/Dresses/6870.jpg
34572,Dresses,/content/fashion_subset/Dresses/34572.jpg
57054,Dresses,/content/fashion_subset/Dresses/57054.jpg
48467,Dresses,/content/fashion_subset/Dresses/48467.jpg
57993,Dresses,/content/fashion_subset/Dresses/57993.jpg
18166,Dresses,/content/fashion_subset/Dresses/18166.jpg
18897,Dresses,/content/fashion_subset/Dresses/18897.jpg
59983,Dresses,/content/fashion_subset/Dresses/59983.jpg
57999,Dresses,/content/fashion_subset/Dresses/57999.jpg
43627,Dresses,/content/fashion_subset/Dresses/43627.jpg
33997,Dresses,/content/fashion_subset/Dresses/33997.jpg
39235,Dresses,/content/fashion_subset/Dresses/39235.jpg
58001,Dresses,/content/fashion_subset/Dresses/58001.jpg
48084,Dresses,/content/fashion_subset/Dresses/48084.jpg
41570,Dresses,/content/fashion_subset/Dresses/41570.jpg
27225,Dresses,/content/fashion_subset/Dresses/27225.jpg
59980,Dresses,/content/fashion_subset/Dresses/59980.jpg
41140,Dresses,/content/fashion_subset/Dresses/41140.jpg
41565,Dresses,/content/fashion_subset/Dresses/41565.jpg
52130,Dresses,/content/fashion_subset/Dresses/52130.jpg
59988,Dresses,/content/fashion_subset/Dresses/59988.jpg
48484,Dresses,/content/fashion_subset/Dresses/48484.jpg
34585,Dresses,/content/fashion_subset/Dresses/34585.jpg
31124,Dresses,/content/fashion_subset/Dresses/31124.jpg
32577,Dresses,/content/fashion_subset/Dresses/32577.jpg
29158,Dresses,/content/fashion_subset/Dresses/29158.jpg
31126,Dresses,/content/fashion_subset/Dresses/31126.jpg
4934,Dresses,/content/fashion_subset/Dresses/4934.jpg
50720,Dresses,/content/fashion_subset/Dresses/50720.jpg
39227,Dresses,/content/fashion_subset/Dresses/39227.jpg
42217,Dresses,/content/fashion_subset/Dresses/42217.jpg
39723,Dresses,/content/fashion_subset/Dresses/39723.jpg
33225,Dresses,/content/fashion_subset/Dresses/33225.jpg
43512,Dresses,/content/fashion_subset/Dresses/43512.jpg
25908,Dresses,/content/fashion_subset/Dresses/25908.jpg
27227,Dresses,/content/fashion_subset/Dresses/27227.jpg
37912,Dresses,/content/fashion_subset/Dresses/37912.jpg
46285,Dresses,/content/fashion_subset/Dresses/46285.jpg
34473,Dresses,/content/fashion_subset/Dresses/34473.jpg
34062,Dresses,/content/fashion_subset/Dresses/34062.jpg
16567,Dresses,/content/fashion_subset/Dresses/16567.jpg
6885,Dresses,/content/fashion_subset/Dresses/6885.jpg
47656,Dresses,/content/fashion_subset/Dresses/47656.jpg
2711,Dresses,/content/fashion_subset/Dresses/2711.jpg
34113,Dresses,/content/fashion_subset/Dresses/34113.jpg
58503,Dresses,/content/fashion_subset/Dresses/58503.jpg
47650,Dresses,/content/fashion_subset/Dresses/47650.jpg
38838,Dresses,/content/fashion_subset/Dresses/38838.jpg
46271,Dresses,/content/fashion_subset/Dresses/46271.jpg
18169,Dresses,/content/fashion_subset/Dresses/18169.jpg
34566,Dresses,/content/fashion_subset/Dresses/34566.jpg
43681,Dresses,/content/fashion_subset/Dresses/43681.jpg
4991,Dresses,/content/fashion_subset/Dresses/4991.jpg
7306,Dresses,/content/fashion_subset/Dresses/7306.jpg
32581,Dresses,/content/fashion_subset/Dresses/32581.jpg
38837,Dresses,/content/fashion_subset/Dresses/38837.jpg
38830,Dresses,/content/fashion_subset/Dresses/38830.jpg
43303,Dresses,/content/fashion_subset/Dresses/43303.jpg
34600,Dresses,/content/fashion_subset/Dresses/34600.jpg
57061,Dresses,/content/fashion_subset/Dresses/57061.jpg
34592,Dresses,/content/fashion_subset/Dresses/34592.jpg
58003,Dresses,/content/fashion_subset/Dresses/58003.jpg
34586,Dresses,/content/fashion_subset/Dresses/34586.jpg
43667,Dresses,/content/fashion_subset/Dresses/43667.jpg
43920,Dresses,/content/fashion_subset/Dresses/43920.jpg
8482,Dresses,/content/fashion_subset/Dresses/8482.jpg
35989,Dresses,/content/fashion_subset/Dresses/35989.jpg
41770,Dresses,/content/fashion_subset/Dresses/41770.jpg
48473,Dresses,/content/fashion_subset/Dresses/48473.jpg
41786,Dresses,/content/fashion_subset/Dresses/41786.jpg
47661,Dresses,/content/fashion_subset/Dresses/47661.jpg
34065,Dresses,/content/fashion_subset/Dresses/34065.jpg
27228,Dresses,/content/fashion_subset/Dresses/27228.jpg
47655,Dresses,/content/fashion_subset/Dresses/47655.jpg
40148,Dresses,/content/fashion_subset/Dresses/40148.jpg
31130,Dresses,/content/fashion_subset/Dresses/31130.jpg
49631,Dresses,/content/fashion_subset/Dresses/49631.jpg
34063,Dresses,/content/fashion_subset/Dresses/34063.jpg
6875,Dresses,/content/fashion_subset/Dresses/6875.jpg
8486,Dresses,/content/fashion_subset/Dresses/8486.jpg
6872,Dresses,/content/fashion_subset/Dresses/6872.jpg
2712,Dresses,/content/fashion_subset/Dresses/2712.jpg
48463,Dresses,/content/fashion_subset/Dresses/48463.jpg
34066,Dresses,/content/fashion_subset/Dresses/34066.jpg
18735,Dresses,/content/fashion_subset/Dresses/18735.jpg
33486,Dresses,/content/fashion_subset/Dresses/33486.jpg
39234,Dresses,/content/fashion_subset/Dresses/39234.jpg
23621,Dresses,/content/fashion_subset/Dresses/23621.jpg
38828,Dresses,/content/fashion_subset/Dresses/38828.jpg
8484,Dresses,/content/fashion_subset/Dresses/8484.jpg
48472,Dresses,/content/fashion_subset/Dresses/48472.jpg
57997,Dresses,/content/fashion_subset/Dresses/57997.jpg
43508,Dresses,/content/fashion_subset/Dresses/43508.jpg
43634,Dresses,/content/fashion_subset/Dresses/43634.jpg
43652,Dresses,/content/fashion_subset/Dresses/43652.jpg
41141,Dresses,/content/fashion_subset/Dresses/41141.jpg
42591,Dresses,/content/fashion_subset/Dresses/42591.jpg
57988,Dresses,/content/fashion_subset/Dresses/57988.jpg
18736,Dresses,/content/fashion_subset/Dresses/18736.jpg
59989,Dresses,/content/fashion_subset/Dresses/59989.jpg
50721,Dresses,/content/fashion_subset/Dresses/50721.jpg
59963,Dresses,/content/fashion_subset/Dresses/59963.jpg
58425,Dresses,/content/fashion_subset/Dresses/58425.jpg
4936,Dresses,/content/fashion_subset/Dresses/4936.jpg
59977,Dresses,/content/fashion_subset/Dresses/59977.jpg
59965,Dresses,/content/fashion_subset/Dresses/59965.jpg
